City,Lat,Lng,Max Temp,Humidity,Cloudiness,Wind Speed,Country,Date
Baykit,61.67,96.37,-37.5,100,100,2.21,RU,01/10/2023
Ushuaia,-54.8,-68.3,49.66,81,0,16.11,AR,01/10/2023
Pacific Grove,36.6177,-121.9166,55.42,82,100,6.91,US,01/10/2023
Sainte-Maxime,43.3,6.6333,51.01,63,99,6.69,FR,01/10/2023
Provideniya,64.3833,-173.3,6.91,61,20,22.37,RU,01/10/2023
Dikson,73.5069,80.5464,-30.6,98,48,4.74,RU,01/10/2023
Ribeira Grande,38.5167,-28.7,59.77,64,12,11.01,PT,01/10/2023
Port Blair,11.6667,92.75,82.44,65,20,11.5,IN,01/10/2023
Ubari,26.5921,12.7805,48.92,42,0,5.59,LY,01/10/2023
Barra de Tecoanapa,16.5167,-98.75,75.96,76,0,4.47,MX,01/10/2023
Kununurra,-15.7667,128.7333,94.98,49,82,6.91,AU,01/10/2023
Jamestown,42.097,-79.2353,32.02,72,75,5.75,US,01/10/2023
Kavaratti,10.5669,72.642,79.9,59,75,2.71,IN,01/10/2023
Portland,45.5234,-122.6762,49.35,80,100,13.8,US,01/10/2023
Mataura,-46.1927,168.8643,64.45,44,48,6.17,NZ,01/10/2023
Sur,22.5667,59.5289,75.58,68,0,7.34,OM,01/10/2023
Port Elizabeth,-33.918,25.5701,72.32,89,75,5.75,ZA,01/10/2023
Yellowknife,62.456,-114.3525,-12.44,100,38,4.07,CA,01/10/2023
Busselton,-33.65,115.3333,77.58,43,0,10.2,AU,01/10/2023
Mehamn,71.0357,27.8492,24.75,80,0,8.05,NO,01/10/2023
Rikitea,-23.1203,-134.9692,78.8,76,69,14.61,PF,01/10/2023
Birao,10.2849,22.7882,63.99,24,8,10.65,CF,01/10/2023
Sitka,57.0531,-135.33,39.09,87,100,5.75,US,01/10/2023
Albany,42.6001,-73.9662,26.56,71,95,1.01,US,01/10/2023
Hobart,-42.8794,147.3294,84.27,50,20,16.11,AU,01/10/2023
Oussouye,12.485,-16.5469,73.49,20,92,8.1,SN,01/10/2023
Berlevåg,70.8578,29.0864,24.8,80,20,18.41,NO,01/10/2023
Punta Arenas,-53.15,-70.9167,48.31,87,0,2.3,CL,01/10/2023
Kapaa,22.0752,-159.319,78.78,79,75,3.44,US,01/10/2023
Matara,5.9485,80.5353,79.12,71,4,5.44,LK,01/10/2023
Banda Aceh,5.5577,95.3222,80.92,67,99,2.93,ID,01/10/2023
Yelizovo,53.1873,158.3805,10.54,43,0,7.0,RU,01/10/2023
Hong Kong,22.2855,114.1577,68.05,88,100,4.0,HK,01/10/2023
Upernavik,72.7868,-56.1549,-23.42,98,63,7.11,GL,01/10/2023
Caravelas,-17.7125,-39.2481,75.11,92,100,4.29,BR,01/10/2023
Bluff,-46.6,168.3333,56.35,67,17,10.11,NZ,01/10/2023
Salalah,17.0151,54.0924,68.09,68,0,5.75,OM,01/10/2023
Antalaha,-14.9003,50.2788,77.31,81,76,2.95,MG,01/10/2023
Cape Town,-33.9258,18.4232,62.11,82,0,3.44,ZA,01/10/2023
Vaini,-21.2,-175.2,87.96,79,75,6.91,TO,01/10/2023
Barrow,71.2906,-156.7887,-14.78,84,0,18.41,US,01/10/2023
Mahébourg,-20.4081,57.7,80.26,78,75,3.44,MU,01/10/2023
Carnarvon,-24.8667,113.6333,82.04,46,0,15.5,AU,01/10/2023
Innisfail,-17.5333,146.0333,83.82,68,100,2.8,AU,01/10/2023
Butaritari,3.0707,172.7902,81.39,74,16,12.84,KI,01/10/2023
Maryborough,-25.5333,152.7,87.3,41,34,11.45,AU,01/10/2023
Nouadhibou,20.931,-17.0347,64.38,42,0,11.5,MR,01/10/2023
Northam,51.0333,-4.2167,48.25,82,11,22.5,GB,01/10/2023
São João da Barra,-21.6403,-41.0511,74.71,93,98,14.34,BR,01/10/2023
Hofn,64.2539,-15.2082,37.08,73,100,16.04,IS,01/10/2023
Bredasdorp,-34.5322,20.0403,63.16,84,72,3.18,ZA,01/10/2023
Hermanus,-34.4187,19.2345,64.8,83,57,5.99,ZA,01/10/2023
Avarua,-21.2078,-159.775,78.85,94,100,6.91,CK,01/10/2023
Mogocha,53.7333,119.7667,14.56,88,100,2.42,RU,01/10/2023
Mar del Plata,-38.0023,-57.5575,71.1,90,0,17.0,AR,01/10/2023
Whitehorse,60.7161,-135.0538,9.37,85,75,17.27,CA,01/10/2023
Vestmannaeyjar,63.4427,-20.2734,35.94,70,100,7.11,IS,01/10/2023
Hamilton,39.1834,-84.5333,42.78,85,40,3.44,US,01/10/2023
Comodoro Rivadavia,-45.8667,-67.5,53.46,71,75,12.66,AR,01/10/2023
Port Alfred,-33.5906,26.891,71.19,97,15,4.09,ZA,01/10/2023
Puerto Ayora,-0.7393,-90.3518,70.56,91,13,1.01,EC,01/10/2023
Pangnirtung,66.1451,-65.7125,-25.87,84,4,3.96,CA,01/10/2023
Saskylakh,71.9167,114.0833,-52.64,100,92,3.06,RU,01/10/2023
Pemba,-12.974,40.5178,79.5,94,75,4.61,MZ,01/10/2023
Sindang,-7.0047,108.335,83.12,58,55,4.85,ID,01/10/2023
New Norfolk,-42.7826,147.0587,83.91,25,54,3.0,AU,01/10/2023
Kamenka,51.3223,42.7678,-0.56,79,6,12.62,RU,01/10/2023
Saint-Philippe,-21.3585,55.7679,81.99,78,74,9.75,RE,01/10/2023
Teguise,29.0605,-13.564,59.22,82,0,6.91,ES,01/10/2023
Guerrero Negro,27.9769,-114.0611,60.6,87,1,15.64,MX,01/10/2023
Miandrivazo,-19.5167,45.4667,78.82,77,38,2.46,MG,01/10/2023
Gualeguay,-33.1416,-59.3097,74.82,44,1,9.78,AR,01/10/2023
Bengkulu,-3.8004,102.2655,82.45,69,79,5.73,ID,01/10/2023
Hilo,19.7297,-155.09,77.29,79,75,6.91,US,01/10/2023
Kutulik,53.3508,102.7839,0.68,94,100,9.22,RU,01/10/2023
Nayoro,44.3506,142.4578,29.59,91,99,7.67,JP,01/10/2023
George Town,5.4112,100.3354,87.73,74,20,5.75,MY,01/10/2023
Bāfq,31.6128,55.4107,33.78,70,34,8.9,IR,01/10/2023
Fairbanks,64.8378,-147.7164,8.6,75,0,9.22,US,01/10/2023
Ponta do Sol,32.6667,-17.1,65.03,79,36,3.6,PT,01/10/2023
Norman Wells,65.282,-126.8329,1.44,85,100,2.3,CA,01/10/2023
Basco,20.4487,121.9702,76.21,71,50,19.15,PH,01/10/2023
Maniitsoq,65.4167,-52.9,9.14,78,44,9.71,GL,01/10/2023
Jalu,29.0331,21.5482,56.23,66,29,10.02,LY,01/10/2023
Orhei,47.3831,28.8231,26.78,72,100,14.74,MD,01/10/2023
Cabra,37.4725,-4.4421,47.21,86,5,2.17,ES,01/10/2023
Sergeevka,53.88,67.4158,0.48,94,100,10.65,KZ,01/10/2023
Warmbad,-28.45,18.7333,78.51,29,98,0.63,NA,01/10/2023
Deputatsky,69.3,139.9,-47.45,99,47,1.57,RU,01/10/2023
Smithers,54.7804,-127.1743,30.52,100,100,3.44,CA,01/10/2023
Peleduy,59.6289,112.7406,-7.96,87,100,10.22,RU,01/10/2023
Port Hedland,-20.3167,118.5667,91.45,58,5,12.66,AU,01/10/2023
Kahului,20.8947,-156.47,75.22,77,20,9.22,US,01/10/2023
Haicheng,40.8516,122.7475,40.69,43,75,13.89,CN,01/10/2023
Mersing,2.4312,103.8405,87.71,74,40,5.75,MY,01/10/2023
Española,35.9911,-106.0806,48.18,54,80,5.12,US,01/10/2023
Skibbereen,51.55,-9.2667,49.1,79,14,27.2,IE,01/10/2023
Atuona,-9.8,-139.0333,78.58,75,10,12.46,PF,01/10/2023
Tessalit,20.1986,1.0114,55.72,26,73,11.23,ML,01/10/2023
Zima,53.9202,102.0442,-2.67,93,100,5.79,RU,01/10/2023
Pitkyaranta,61.5734,31.4792,29.52,94,100,16.91,RU,01/10/2023
Saint George,37.1041,-113.5841,47.43,69,75,5.01,US,01/10/2023
Commerce City,39.8083,-104.9339,48.15,47,40,13.8,US,01/10/2023
Fomboni,-12.28,43.7425,81.72,71,50,4.52,KM,01/10/2023
Chapais,49.7834,-74.8492,-18.62,100,46,1.43,CA,01/10/2023
Bud,39.447,-86.1758,41.83,91,100,5.95,US,01/10/2023
Kirakira,-10.4544,161.9205,82.04,80,84,8.32,SB,01/10/2023
North Bend,43.4065,-124.2243,49.91,94,100,12.66,US,01/10/2023
Thompson,55.7435,-97.8558,6.96,92,75,4.61,CA,01/10/2023
Beyneu,45.3167,55.2,5.72,47,0,5.79,KZ,01/10/2023
Mananara,-16.1667,49.7667,77.34,86,94,1.3,MG,01/10/2023
Vila,42.0304,-8.1588,44.71,95,100,3.74,PT,01/10/2023
Iqaluit,63.7506,-68.5145,-16.87,69,75,11.5,CA,01/10/2023
Talnakh,69.4865,88.3972,-21.91,98,100,7.25,RU,01/10/2023
Tasiilaq,65.6145,-37.6368,12.36,55,47,4.74,GL,01/10/2023
Jumla,29.2747,82.1838,53.69,14,0,0.81,NP,01/10/2023
Flagstaff,35.1981,-111.6513,40.66,66,100,25.32,US,01/10/2023
Bethel,41.3712,-73.414,36.75,67,100,4.61,US,01/10/2023
Mapiripán,2.8892,-72.1256,73.74,89,96,3.69,CO,01/10/2023
Dire Dawa,9.5931,41.8661,65.19,68,27,2.98,ET,01/10/2023
Gatton,-27.55,152.2833,85.14,24,32,6.62,AU,01/10/2023
Leningradskiy,69.3833,178.4167,-20.42,99,60,9.28,RU,01/10/2023
Rusnė,55.2964,21.3758,37.02,87,100,7.7,LT,01/10/2023
Vila Franca do Campo,37.7167,-25.4333,55.81,80,83,5.82,PT,01/10/2023
East London,-33.0153,27.9116,72.54,94,100,3.44,ZA,01/10/2023
Katsuura,35.1333,140.3,48.22,51,96,4.79,JP,01/10/2023
Lorengau,-2.0226,147.2712,83.75,73,100,7.67,PG,01/10/2023
Lüderitz,-26.6481,15.1594,66.58,70,100,8.79,NA,01/10/2023
Arlit,18.7369,7.3853,54.57,26,1,5.7,NE,01/10/2023
Qaanaaq,77.484,-69.3632,-15.29,96,100,4.83,GL,01/10/2023
Half Moon Bay,37.4636,-122.4286,55.31,84,100,12.66,US,01/10/2023
Zhezkazgan,47.8043,67.7144,-20.22,76,20,6.71,KZ,01/10/2023
Hithadhoo,-0.6,73.0833,81.52,76,59,12.28,MV,01/10/2023
Leshukonskoye,64.8989,45.7622,11.43,94,100,9.51,RU,01/10/2023
Honningsvåg,70.9821,25.9704,28.15,74,100,19.57,NO,01/10/2023
Nantucket,41.2835,-70.0995,38.14,69,100,9.22,US,01/10/2023
Camacha,33.0833,-16.3333,60.22,82,75,3.44,PT,01/10/2023
Talavera de la Reina,39.9635,-4.8308,46.31,91,100,1.77,ES,01/10/2023
Pevek,69.7008,170.3133,-16.42,99,100,3.15,RU,01/10/2023
Lebu,-37.6167,-73.65,54.82,72,0,19.8,CL,01/10/2023
Meulaboh,4.1363,96.1285,82.09,69,100,1.48,ID,01/10/2023
Quaraí,-30.3875,-56.4514,75.29,49,16,7.76,BR,01/10/2023
Karratha,-20.7377,116.8463,97.39,31,0,6.51,AU,01/10/2023
Muskegon,43.3,-86.1334,35.94,86,40,12.66,US,01/10/2023
São Sebastião,-23.76,-45.4097,73.17,93,100,2.91,BR,01/10/2023
Yurimaguas,-5.9,-76.0833,72.93,93,81,0.74,PE,01/10/2023
Longyearbyen,78.2186,15.6401,31.84,93,100,5.75,SJ,01/10/2023
Nikolskoye,59.7035,30.7861,28.29,90,100,12.01,RU,01/10/2023
Labuhan,-6.8844,112.2051,86.0,64,81,6.35,ID,01/10/2023
Telde,27.9924,-15.4192,66.42,77,40,13.8,ES,01/10/2023
Maku,39.2911,44.4521,21.34,78,8,1.43,IR,01/10/2023
Qaqortoq,60.7167,-46.0333,19.51,66,100,8.99,GL,01/10/2023
Muros,42.7762,-9.0603,52.09,95,90,8.72,ES,01/10/2023
Castro,-24.7911,-50.0119,61.2,97,100,3.38,BR,01/10/2023
Togul,53.465,85.9128,-12.01,96,100,9.75,RU,01/10/2023
Saldanha,-33.0117,17.9442,57.25,89,16,8.63,ZA,01/10/2023
Nālūt,30.3333,10.85,47.66,58,0,6.46,LY,01/10/2023
Atar,20.5169,-13.0499,68.67,10,100,13.71,MR,01/10/2023
Benguela,-12.5763,13.4055,74.97,79,100,4.59,AO,01/10/2023
Tiznit Province,29.5833,-9.5,57.18,61,100,1.95,MA,01/10/2023
Cockburn Town,21.4612,-71.1419,77.13,76,4,13.15,TC,01/10/2023
Tazovsky,67.4667,78.7,-39.8,99,33,6.51,RU,01/10/2023
Vao,-22.6667,167.4833,76.17,66,8,13.2,NC,01/10/2023
Lagoa,39.05,-27.9833,58.44,66,6,16.11,PT,01/10/2023
Severo-Kuril'sk,50.6789,156.125,21.07,67,67,24.07,RU,01/10/2023
Karnāl,29.6833,76.9833,56.55,50,96,4.9,IN,01/10/2023
Jiayuguan City,39.8167,98.3,32.38,25,94,3.29,CN,01/10/2023
Kalabo,-14.97,22.6814,64.09,92,100,3.51,ZM,01/10/2023
Peniche,39.3558,-9.3811,59.56,91,100,15.55,PT,01/10/2023
Ararat,39.8317,44.7049,25.14,63,6,3.83,AM,01/10/2023
Bonthe,7.5264,-12.505,76.14,89,2,2.71,SL,01/10/2023
Caucayá,-0.1934,-74.7819,72.23,95,96,2.84,CO,01/10/2023
Tatvan,38.5067,42.2817,21.29,86,15,5.23,TR,01/10/2023
Oistins,13.0667,-59.5333,78.89,78,75,13.8,BB,01/10/2023
Manta,-0.95,-80.7333,76.78,73,75,3.44,EC,01/10/2023
Kruisfontein,-34.0033,24.7314,66.88,86,48,3.15,ZA,01/10/2023
Tiksi,71.6872,128.8694,-40.18,100,93,3.24,RU,01/10/2023
Faanui,-16.4833,-151.75,80.78,72,100,13.91,PF,01/10/2023
Arraial do Cabo,-22.9661,-42.0278,73.87,94,95,12.15,BR,01/10/2023
Saint-Joseph,-21.3667,55.6167,80.98,76,84,3.85,RE,01/10/2023
Ilulissat,69.2167,-51.1,-13.43,99,99,4.99,GL,01/10/2023
Poum,-20.2333,164.0167,79.39,60,92,12.55,NC,01/10/2023
Kavieng,-2.5744,150.7967,83.91,70,89,4.63,PG,01/10/2023
Gamba,-2.65,10.0,76.3,87,82,5.53,GA,01/10/2023
Safranbolu,41.2508,32.6942,37.38,69,95,3.98,TR,01/10/2023
Nerchinskiy Zavod,51.3088,119.61,8.01,93,86,3.29,RU,01/10/2023
Xichang,27.8964,102.2634,55.6,49,0,3.69,CN,01/10/2023
Kalmunai,7.4167,81.8167,76.42,71,96,9.24,LK,01/10/2023
High Level,58.5169,-117.136,14.11,100,100,3.44,CA,01/10/2023
Cairns,-16.9167,145.7667,95.07,72,40,8.05,AU,01/10/2023
San Quintín,30.4833,-115.95,60.04,91,37,7.4,MX,01/10/2023
Muriti,-1.9833,32.9167,70.16,77,100,14.38,TZ,01/10/2023
Grand Gaube,-20.0064,57.6608,80.38,74,10,5.01,MU,01/10/2023
Vostok,46.4856,135.8833,19.76,81,94,3.29,RU,01/10/2023
Takoradze,4.8845,-1.7554,77.14,88,82,2.28,GH,01/10/2023
Swan Hill,-35.3378,143.5544,98.2,11,13,9.98,AU,01/10/2023
Kloulklubed,7.0419,134.2556,81.1,80,100,18.7,PW,01/10/2023
Porto-Novo,6.4965,2.6036,72.91,88,2,4.34,BJ,01/10/2023
Brooks,50.5834,-111.8851,10.38,90,22,3.44,CA,01/10/2023
Cayenne,4.9333,-52.3333,75.24,94,75,3.44,GF,01/10/2023
Fereydūnkenār,36.6864,52.5225,38.75,61,18,11.65,IR,01/10/2023
Maningrida,-12.0667,134.2667,89.22,60,98,10.51,AU,01/10/2023
Haines Junction,60.7522,-137.5108,-6.84,100,100,0.96,CA,01/10/2023
Hojāi,26.0,92.8667,66.34,56,0,3.83,IN,01/10/2023
Imbituba,-28.24,-48.6703,71.6,93,100,9.48,BR,01/10/2023
Diamantino,-14.4086,-56.4461,71.06,97,100,3.98,BR,01/10/2023
Starkville,33.4504,-88.8184,53.67,99,20,4.61,US,01/10/2023
Margate,51.3813,1.3862,47.88,83,92,4.0,GB,01/10/2023
Albanel,48.8832,-72.4487,3.34,85,10,10.36,CA,01/10/2023
Namatanai,-3.6667,152.4333,83.43,73,95,3.4,PG,01/10/2023
Saint-Pierre,-21.3393,55.4781,82.08,65,40,3.44,RE,01/10/2023
Vernon,50.2581,-119.2691,37.29,88,100,3.44,CA,01/10/2023
Ranong,9.9658,98.6348,85.93,61,68,0.72,TH,01/10/2023
Dunnville,42.9001,-79.6163,32.68,89,73,3.0,CA,01/10/2023
Marsá Maţrūḩ,31.3525,27.2453,56.43,72,73,17.74,EG,01/10/2023
Saint Paul Harbor,57.79,-152.4072,31.51,93,100,3.44,US,01/10/2023
Gao,16.6362,1.637,57.13,24,34,14.88,ML,01/10/2023
Tamiahua,21.2667,-97.45,69.93,93,3,6.42,MX,01/10/2023
Galiākot,23.5167,74.0,68.34,46,0,3.47,IN,01/10/2023
Nyurba,63.2842,118.3319,-36.78,97,78,5.79,RU,01/10/2023
Asău,46.4333,26.4,36.52,98,100,6.73,RO,01/10/2023
Thanh Hoa,19.8,105.7667,66.97,88,99,1.79,VN,01/10/2023
Verkhniye Tatyshly,56.2912,55.8575,-14.19,99,100,7.38,RU,01/10/2023
Yuli,9.6989,10.2744,62.35,39,100,6.06,NG,01/10/2023
Cherskiy,68.75,161.3,-26.66,100,100,1.61,RU,01/10/2023
Malinovoye Ozero,51.6753,79.7825,-13.29,91,89,9.6,RU,01/10/2023
Umeå,63.8284,20.2597,28.33,93,100,4.61,SE,01/10/2023
Ust'-Shonosha,61.1531,41.343,16.7,88,100,14.36,RU,01/10/2023
Sola,-13.8833,167.55,79.23,82,100,12.26,VU,01/10/2023
Verkhnevilyuysk,63.4453,120.3167,-32.93,93,95,6.22,RU,01/10/2023
Cabo San Lucas,22.8909,-109.9124,70.52,69,0,9.78,MX,01/10/2023
Lixouri,38.2019,20.4314,54.57,71,91,22.24,GR,01/10/2023
Katete,-0.7818,29.7544,62.67,75,97,3.47,UG,01/10/2023
Chara,56.9064,118.2631,0.23,82,53,0.96,RU,01/10/2023
Airai,-8.9266,125.4092,70.07,74,82,2.39,TL,01/10/2023
Pitimbu,-7.4706,-34.8086,77.59,81,49,7.96,BR,01/10/2023
Mount Gambier,-37.8333,140.7667,82.89,25,100,9.57,AU,01/10/2023
Barra,-11.0894,-43.1417,76.32,69,70,3.24,BR,01/10/2023
Zhigansk,66.7697,123.3711,-27.18,99,100,7.94,RU,01/10/2023
Kiunga,-6.1219,141.2906,83.21,70,96,3.36,PG,01/10/2023
Alofi,-19.0595,-169.9187,75.09,94,100,12.66,NU,01/10/2023
Moroto,2.5345,34.6666,65.21,61,24,3.02,UG,01/10/2023
Tauá,-5.9667,-40.3,73.4,65,75,6.89,BR,01/10/2023
Cairo,30.0626,31.2497,54.36,76,100,0.0,EG,01/10/2023
Praia da Vitória,38.7333,-27.0667,56.75,100,40,11.03,PT,01/10/2023
Scarborough,54.2797,-0.4044,44.92,82,25,10.0,GB,01/10/2023
Chui,-33.6971,-53.4616,66.16,93,9,2.86,UY,01/10/2023
Denpasar,-8.65,115.2167,87.46,74,40,12.66,ID,01/10/2023
Jacareacanga,-6.2222,-57.7528,68.85,98,99,1.45,BR,01/10/2023
Beibei,29.8256,106.4339,54.07,66,100,1.43,CN,01/10/2023
Linxia Chengguanzhen,35.6003,103.2064,39.42,26,36,3.04,CN,01/10/2023
Chanika,-5.4167,38.0167,66.63,97,94,2.44,TZ,01/10/2023
Kysyl-Syr,63.8986,122.7617,-35.07,96,96,6.04,RU,01/10/2023
Kangasala,61.4638,24.076,36.14,100,100,8.99,FI,01/10/2023
Biak,-0.9131,122.8766,82.99,66,100,1.63,ID,01/10/2023
Codrington,-38.2667,141.9667,75.22,53,54,12.19,AU,01/10/2023
Tarabha,20.7333,83.65,72.0,25,0,2.1,IN,01/10/2023
Lavrentiya,65.5833,-171.0,-14.87,88,9,10.67,RU,01/10/2023
Koungou,-12.7336,45.2042,80.31,83,0,2.3,YT,01/10/2023
Kaitangata,-46.2817,169.8464,60.64,53,52,11.14,NZ,01/10/2023
Pershotravneve,51.3929,28.8684,23.04,92,100,11.48,UA,01/10/2023
Provincia di Grosseto,42.8333,11.25,46.0,93,0,4.61,IT,01/10/2023
Itaituba,-4.2761,-55.9836,70.65,99,100,1.23,BR,01/10/2023
Ankazoabo,-22.2833,44.5167,73.13,87,30,2.42,MG,01/10/2023
Whitianga,-36.8333,175.7,68.65,81,84,12.19,NZ,01/10/2023
Tam Ky,15.5667,108.4833,73.33,86,100,1.01,VN,01/10/2023
Cidreira,-30.1811,-50.2056,71.76,91,98,12.77,BR,01/10/2023
Lata,40.1629,-8.3327,57.81,98,100,5.46,PT,01/10/2023
Fuyang,32.9,115.8167,55.98,43,0,8.46,CN,01/10/2023
Virginia Beach,36.8529,-75.978,41.02,67,75,0.0,US,01/10/2023
Tuktoyaktuk,69.4541,-133.0374,-32.8,75,75,0.0,CA,01/10/2023
Chaozhou,23.6651,116.6379,66.06,84,100,0.27,CN,01/10/2023
Pozoblanco,38.3791,-4.8483,42.6,94,65,1.86,ES,01/10/2023
Wanlaweyn,2.6185,44.8938,74.01,87,23,9.93,SO,01/10/2023
Imeni Poliny Osipenko,52.4201,136.4853,-1.48,92,96,4.9,RU,01/10/2023
Arrondissement d'Arcachon,44.5875,-1.0519,52.12,87,0,5.75,FR,01/10/2023
Ambilobe,-13.2,49.05,76.84,85,16,2.28,MG,01/10/2023
Keïta,14.7551,5.7749,57.04,27,1,9.17,NE,01/10/2023
Yumen,40.2833,97.2,28.92,33,100,12.06,CN,01/10/2023
Praia,14.9215,-23.5087,72.14,78,75,21.85,CV,01/10/2023
Chokurdakh,70.6333,147.9167,-50.26,100,78,1.88,RU,01/10/2023
Homer,59.6425,-151.5483,34.81,89,75,1.99,US,01/10/2023
Flinders,-34.5833,150.8552,77.18,71,33,5.99,AU,01/10/2023
Ambanja,-13.6833,48.45,76.93,88,95,2.13,MG,01/10/2023
Souillac,-20.5167,57.5167,79.18,78,75,3.44,MU,01/10/2023
Hobyo,5.3505,48.5268,76.32,76,89,14.36,SO,01/10/2023
Chilca,-12.5211,-76.7372,69.22,79,100,4.56,PE,01/10/2023
Bocaiúva,-17.1078,-43.815,71.31,92,91,0.92,BR,01/10/2023
Kon Tum,14.35,108.0,81.95,52,54,3.58,VN,01/10/2023
Mariehamn,60.0973,19.9348,39.06,87,100,16.11,AX,01/10/2023
Henties Bay,-22.116,14.2845,63.36,92,100,5.97,NA,01/10/2023
Baghdad,33.3406,44.4009,40.91,100,0,5.75,IQ,01/10/2023
Mossamedes,-15.1961,12.1522,70.3,76,97,8.34,AO,01/10/2023
Vardø,70.3705,31.1107,22.98,86,100,31.07,NO,01/10/2023
Anadyr,64.75,177.4833,-12.5,76,0,6.71,RU,01/10/2023
Esim,4.8699,-2.2405,77.38,87,99,1.57,GH,01/10/2023
Itarema,-2.9248,-39.9167,77.77,77,50,9.35,BR,01/10/2023
Qasigiannguit,68.8193,-51.1922,-12.44,98,98,4.68,GL,01/10/2023
Shanhecun,44.7,127.2,31.19,66,57,16.91,CN,01/10/2023
Robertsport,6.7533,-11.3686,78.75,83,1,4.38,LR,01/10/2023
Petropavlovsk-Kamchatskiy,53.0452,158.6483,9.19,44,0,2.24,RU,01/10/2023
Sinnamary,5.3833,-52.95,74.98,91,97,8.08,GF,01/10/2023
Bodø,67.28,14.405,32.04,69,0,27.63,NO,01/10/2023
Riyadh,24.6877,46.7219,46.54,72,31,9.1,SA,01/10/2023
Bambous Virieux,-20.3428,57.7575,80.22,78,75,3.44,MU,01/10/2023
Tamandaré,-8.7597,-35.1047,76.77,84,15,6.96,BR,01/10/2023
Krasnosel'kup,65.7,82.4667,-40.25,97,25,6.76,RU,01/10/2023
Brownsville,25.9018,-97.4975,71.1,97,0,8.05,US,01/10/2023
Ancud,-41.8697,-73.8203,48.45,77,4,4.7,CL,01/10/2023
Ghansor,22.65,79.95,64.74,25,0,3.98,IN,01/10/2023
Nikki,9.9401,3.2108,66.81,27,46,4.5,BJ,01/10/2023
Yārāda,17.65,83.2667,77.32,57,0,3.44,IN,01/10/2023
Acapulco de Juárez,16.8634,-99.8901,76.82,83,0,0.0,MX,01/10/2023
San Fernando del Valle de Catamarca,-28.4696,-65.7852,86.77,28,11,4.0,AR,01/10/2023
Zaterechnyy,44.7931,45.2097,17.51,81,18,22.53,RU,01/10/2023
Falam,22.9167,93.6833,65.16,40,0,1.61,MM,01/10/2023
Constitución,-35.3333,-72.4167,56.41,66,0,11.61,CL,01/10/2023
Mangai,-4.05,19.5333,69.12,99,100,2.48,CD,01/10/2023
Boueni,-12.9025,45.0761,80.58,74,55,5.39,YT,01/10/2023
Chengde,40.9725,117.9361,33.82,41,100,0.51,CN,01/10/2023
Gouré,13.9835,10.2704,56.95,27,0,12.06,NE,01/10/2023
Senanga,-16.1167,23.2667,64.18,88,100,2.95,ZM,01/10/2023
Egyek,47.6333,20.9,42.98,77,92,17.2,HU,01/10/2023
Belaya Gora,68.5333,146.4167,-53.9,100,76,0.89,RU,01/10/2023
Egvekinot,66.3167,-179.1667,-7.67,84,10,16.73,RU,01/10/2023
Ust-Maya,60.4167,134.5333,-13.77,98,75,1.57,RU,01/10/2023
Prince Rupert,54.3161,-130.3201,46.49,75,100,23.02,CA,01/10/2023
Sibolga,1.7427,98.7792,78.76,86,100,1.12,ID,01/10/2023
Ekhabi,53.5102,142.9671,1.29,88,93,6.22,RU,01/10/2023
Arrondissement d'Issoudun,47.0,1.8333,52.45,87,100,18.41,FR,01/10/2023
Calatayud,41.3535,-1.6432,47.55,79,100,8.88,ES,01/10/2023
Grimmen,54.1121,13.0405,41.18,87,100,20.71,DE,01/10/2023
Te Anau,-45.4167,167.7167,63.54,55,85,4.43,NZ,01/10/2023
Ardeşen,41.1911,40.9875,49.44,42,7,4.65,TR,01/10/2023
Christchurch,-43.5333,172.6333,73.33,49,40,4.61,NZ,01/10/2023
Jaltenango,15.8719,-92.7247,68.99,87,65,2.84,MX,01/10/2023
Bowling Green,36.9903,-86.4436,45.34,93,0,0.0,US,01/10/2023
Khatanga,71.9667,102.5,-31.74,98,100,7.2,RU,01/10/2023
Upata,8.0086,-62.3989,72.19,92,32,5.61,VE,01/10/2023
Waipawa,-41.4122,175.5153,56.79,97,100,20.83,NZ,01/10/2023
Torrington,41.8007,-73.1212,32.7,78,100,3.0,US,01/10/2023
Udachny,66.4167,112.4,-39.44,96,100,4.79,RU,01/10/2023
Tairua,-37.0167,175.85,69.69,77,98,6.53,NZ,01/10/2023
Kasongo-Lunda,-6.4667,16.8167,68.83,98,100,0.83,CD,01/10/2023
La Ronge,55.1001,-105.2842,14.25,92,100,1.14,CA,01/10/2023
Sar-e Pul,35.8333,66.1667,12.52,93,100,2.39,AF,01/10/2023
Dongsheng,39.8161,109.9776,32.16,53,4,11.9,CN,01/10/2023
Soe,-9.8607,124.284,77.38,68,45,6.6,ID,01/10/2023
Oswego,43.4501,-76.1497,21.9,58,23,3.8,US,01/10/2023
Shīeli,44.1667,66.75,7.29,54,3,12.15,KZ,01/10/2023
Sindor,62.8629,51.8905,4.21,95,100,10.54,RU,01/10/2023
Clyde River,70.4692,-68.5914,-23.57,69,0,2.3,CA,01/10/2023
Kokkola,63.8385,23.1307,27.93,95,75,3.44,FI,01/10/2023
Boyolangu,-8.1181,111.8935,83.26,70,86,8.19,ID,01/10/2023
Domoni,-12.2569,44.5319,79.47,81,83,2.91,KM,01/10/2023
Zachepylivka,49.1939,35.2394,14.83,59,86,16.67,UA,01/10/2023
Río Gallegos,-51.6226,-69.2181,55.45,67,0,4.61,AR,01/10/2023
Carutapera,-1.195,-46.02,77.0,87,100,6.76,BR,01/10/2023
Sioux Lookout,50.1001,-91.917,26.67,100,100,5.75,CA,01/10/2023
Mayo,38.8876,-76.5119,39.51,82,0,0.0,US,01/10/2023
Magnor,59.9511,12.1996,37.13,97,100,15.26,SE,01/10/2023
Rocha,-34.4833,-54.3333,61.68,95,23,4.72,UY,01/10/2023
Los Llanos de Aridane,28.6585,-17.9182,60.55,80,100,10.0,ES,01/10/2023
Andijan,40.7821,72.3442,22.28,86,100,4.61,UZ,01/10/2023
Sambava,-14.2667,50.1667,76.51,84,98,3.67,MG,01/10/2023
Torbay,47.6666,-52.7314,25.57,89,75,4.61,CA,01/10/2023
Natal,-5.795,-35.2094,77.22,83,40,4.61,BR,01/10/2023
Olinda,-8.0089,-34.8553,80.33,74,40,6.91,BR,01/10/2023
Giresun Province,40.5,38.5,12.72,50,11,5.73,TR,01/10/2023
Tsimmerbude,54.675,20.1347,37.45,93,53,10.18,RU,01/10/2023
Yulara,-25.2406,130.9889,93.25,31,66,6.62,AU,01/10/2023
Pisco,-13.7,-76.2167,68.05,88,0,0.0,PE,01/10/2023
Caruray,10.3094,119.0128,82.6,71,99,2.15,PH,01/10/2023
Ostercappeln,52.35,8.2333,49.05,91,100,21.63,DE,01/10/2023
Bataiporã,-22.2953,-53.2711,70.79,91,100,4.12,BR,01/10/2023
Reyes,-14.3167,-67.3833,73.06,98,100,1.12,BO,01/10/2023
Stornoway,58.2093,-6.3865,42.76,84,75,19.57,GB,01/10/2023
Yaan,7.3833,8.5667,71.06,26,13,6.96,NG,01/10/2023
Geghamasar,40.3109,45.6792,6.33,88,48,7.76,AM,01/10/2023
Malinyi,-8.9333,36.1333,68.85,97,85,0.98,TZ,01/10/2023
Mtwara,-10.2667,40.1833,76.33,94,20,11.5,TZ,01/10/2023
Valparaíso,-33.0393,-71.6273,62.24,88,0,5.75,CL,01/10/2023
Miasskoye,55.2784,61.8905,0.88,85,99,18.05,RU,01/10/2023
Sivas Province,39.7916,37.0019,23.63,68,0,10.36,TR,01/10/2023
Olafsvik,64.8945,-23.7142,34.05,80,100,24.65,IS,01/10/2023
Jørpeland,59.0225,6.0408,48.02,87,100,19.28,NO,01/10/2023
Roseburg,43.2165,-123.3417,50.38,69,75,5.75,US,01/10/2023
Roald,62.5833,6.1333,41.92,87,100,19.57,NO,01/10/2023
General Roca,-39.0333,-67.5833,70.63,18,57,16.84,AR,01/10/2023
Isla Mujeres,21.2311,-86.731,69.85,70,11,10.63,MX,01/10/2023
Plettenberg Bay,-34.0527,23.3716,67.08,89,10,1.77,ZA,01/10/2023
Saýat,38.7839,63.8803,15.3,64,0,9.62,TM,01/10/2023
Huarmey,-10.0681,-78.1522,69.46,79,99,5.5,PE,01/10/2023
Klaksvík,62.2266,-6.589,41.92,96,100,27.6,FO,01/10/2023
Tuatapere,-46.1333,167.6833,60.06,59,2,9.06,NZ,01/10/2023
Nome,64.5011,-165.4064,12.27,92,100,8.05,US,01/10/2023
Sisimiut,66.9395,-53.6735,0.57,90,34,9.89,GL,01/10/2023
Dryden,49.7833,-92.7503,28.69,93,100,6.91,CA,01/10/2023
Biltine,14.5333,20.9167,60.35,30,20,9.64,TD,01/10/2023
São Filipe,14.8961,-24.4956,74.35,71,0,10.74,CV,01/10/2023
Kaduqli,11.0167,29.7167,65.44,23,72,12.17,SD,01/10/2023
Aitape,-3.1374,142.3475,82.72,79,76,3.69,PG,01/10/2023
Marzuq,14.4,46.4667,63.12,51,37,2.59,YE,01/10/2023
Maniwaki,46.3834,-75.966,3.58,85,27,4.61,CA,01/10/2023
Bangui,4.3612,18.555,69.75,26,30,4.47,CF,01/10/2023
Trincomalee,8.5711,81.2335,77.83,63,78,10.67,LK,01/10/2023
Uvat,59.1433,68.8953,4.91,95,100,7.29,RU,01/10/2023
Dudinka,69.4058,86.1778,-25.28,97,100,7.52,RU,01/10/2023
Tanout,14.9709,8.8879,53.42,31,0,14.0,NE,01/10/2023
Andros Town,24.7,-77.7667,64.36,67,23,4.76,BS,01/10/2023
Dingle,10.9995,122.6711,74.59,91,100,11.34,PH,01/10/2023
Vila Velha,-20.3297,-40.2925,76.95,93,20,5.75,BR,01/10/2023
Walvis Bay,-22.9575,14.5053,65.08,82,100,2.3,NA,01/10/2023
Kuching,1.55,110.3333,88.02,77,40,3.0,MY,01/10/2023
‘Āhuimanu,21.4447,-157.8378,80.31,69,20,9.22,US,01/10/2023
Bubaque,11.2833,-15.8333,78.06,56,100,13.58,GW,01/10/2023
Aklavik,68.2191,-135.0107,-23.31,99,100,2.1,CA,01/10/2023
Faya,18.3851,42.4509,46.51,74,1,3.51,SA,01/10/2023
Bariloche,-41.1456,-71.3082,42.55,45,0,8.05,AR,01/10/2023
Shache,38.4167,77.2406,26.71,32,91,2.57,CN,01/10/2023
San Andrés,12.5847,-81.7006,80.62,78,20,11.5,CO,01/10/2023
San Jerónimo,-11.9472,-75.2829,47.66,84,85,2.89,PE,01/10/2023
Tingi,-11.3,35.0333,62.29,91,55,3.38,TZ,01/10/2023
Kozhevnikovo,56.2589,83.9714,-28.97,97,98,5.82,RU,01/10/2023
Aksu,41.1231,80.2644,30.94,37,100,3.31,CN,01/10/2023
Senador José Porfírio,-2.5908,-51.9542,72.3,97,90,2.1,BR,01/10/2023
Nanortalik,60.1432,-45.2371,25.88,79,100,5.68,GL,01/10/2023
Am Timan,11.0297,20.2827,65.25,26,94,5.59,TD,01/10/2023
Tura,25.5198,90.2201,70.83,40,0,1.66,IN,01/10/2023
Payo,-3.7508,103.6372,89.17,55,87,2.04,ID,01/10/2023
Charleston,32.7766,-79.9309,53.02,91,0,3.44,US,01/10/2023
Bela Palanka,43.2183,22.3111,36.48,100,100,2.93,RS,01/10/2023
Rūdbār,30.15,62.6,31.98,59,96,21.25,AF,01/10/2023
Lékoni,-1.5843,14.2591,73.13,78,80,4.09,GA,01/10/2023
Uvira,-3.4067,29.1458,69.91,95,100,3.6,CD,01/10/2023
Kodinsk,58.6881,99.1844,-20.38,94,97,6.4,RU,01/10/2023
Port Moresby,-9.4431,147.1797,89.02,58,40,17.27,PG,01/10/2023
Benjamin Constant,-4.3831,-70.0311,75.33,97,82,1.16,BR,01/10/2023
Uusikaupunki,60.8004,21.4084,36.14,94,95,13.8,FI,01/10/2023
Oskarshamn,57.2645,16.4484,42.98,85,100,18.05,SE,01/10/2023
Alice Springs,-23.7,133.8833,90.95,40,75,4.61,AU,01/10/2023
Kuybyshevo,47.8123,38.9073,11.89,73,15,20.83,RU,01/10/2023
Ukholovo,53.7929,40.4892,3.49,77,99,15.41,RU,01/10/2023
Adrar,20.5022,-10.0711,60.69,12,99,12.44,MR,01/10/2023
Parchim,53.4263,11.8488,42.71,88,100,17.63,DE,01/10/2023
Ngunguru,-35.6167,174.5,67.35,76,33,21.0,NZ,01/10/2023
Mount Darwin,-16.7725,31.5838,65.89,96,84,1.21,ZW,01/10/2023
Oyama,36.3,139.8,46.63,27,0,1.36,JP,01/10/2023
Kalachinsk,55.0529,74.5751,-25.64,100,93,4.5,RU,01/10/2023
Bathsheba,13.2167,-59.5167,79.41,78,75,13.8,BB,01/10/2023
San Vicente,-26.6167,-54.1333,62.26,97,16,2.21,AR,01/10/2023
Chumphon,10.3333,98.8333,86.14,49,62,2.98,TH,01/10/2023
Vyazemskiy,47.5378,134.7525,20.07,80,100,3.06,RU,01/10/2023
Quang Ngai,15.1167,108.8,73.08,90,100,3.24,VN,01/10/2023
San Lazaro,18.0387,-88.6622,69.26,95,0,3.0,BZ,01/10/2023
Jennings,38.7192,-90.2604,50.92,72,100,9.22,US,01/10/2023
Nānākuli,21.3906,-158.1547,80.55,56,0,13.8,US,01/10/2023
Santa Isabel Rio Negro,-0.4139,-65.0192,72.84,99,100,2.53,BR,01/10/2023
Orangeburg,33.4918,-80.8557,46.69,75,0,0.0,US,01/10/2023
Huilong,31.8111,121.655,53.13,74,0,9.33,CN,01/10/2023
Port Macquarie,-31.4333,152.9167,77.9,57,16,11.88,AU,01/10/2023
Khovd,48.0056,91.6419,21.83,63,11,7.0,MN,01/10/2023
Broken Hill,-31.95,141.4333,93.02,15,100,10.56,AU,01/10/2023
Gairo,39.8497,9.5047,42.01,72,0,6.29,IT,01/10/2023
Geraldton,-28.7667,114.6,79.21,47,0,14.97,AU,01/10/2023
Gimbi,9.1667,35.8333,53.38,62,51,1.72,ET,01/10/2023
Galesong,-5.3166,119.3661,86.02,69,95,6.51,ID,01/10/2023
Fare,-16.7,-151.0167,78.98,78,100,6.93,PF,01/10/2023
Moose Factory,51.2585,-80.6094,1.4,85,100,3.44,CA,01/10/2023
Bethanien,-26.502,17.1583,74.26,29,62,0.76,NA,01/10/2023
The Pas,53.8251,-101.2541,14.02,85,100,4.61,CA,01/10/2023
Najrān,17.4924,44.1277,54.25,74,0,3.44,SA,01/10/2023
Tegul'det,57.3064,88.1667,-21.77,95,100,6.51,RU,01/10/2023
Ternate,0.8,127.4,82.44,75,97,6.35,ID,01/10/2023
Dawei,14.0833,98.2,87.06,53,10,2.82,MM,01/10/2023
Stolin,51.8912,26.846,28.96,97,100,8.75,BY,01/10/2023
Oktyabr'skiy,54.4815,53.471,-19.19,100,51,5.06,RU,01/10/2023
Senj,44.9894,14.9058,45.27,72,6,6.04,HR,01/10/2023
Baffa,34.4378,73.2194,48.56,81,100,4.03,PK,01/10/2023
Haukipudas,65.1765,25.3523,14.05,97,99,4.74,FI,01/10/2023
Concepción del Oro,24.6333,-101.4167,52.3,29,0,1.92,MX,01/10/2023
Grindavik,63.8424,-22.4338,34.27,80,40,11.5,IS,01/10/2023
Santa Rosa,14.3122,121.1114,86.11,65,51,11.59,PH,01/10/2023
Båtsfjord,70.6345,29.7185,22.93,93,40,28.77,NO,01/10/2023
Grand-Lahou,5.1367,-5.0242,77.16,89,47,1.97,CI,01/10/2023
Coyhaique,-45.5752,-72.0662,47.01,100,100,4.61,CL,01/10/2023
Taunggyi,20.7833,97.0333,67.77,34,0,3.94,MM,01/10/2023
Kuçovë,40.8003,19.9167,44.74,83,19,1.7,AL,01/10/2023
Lompoc,34.6391,-120.4579,53.78,92,20,3.44,US,01/10/2023
Kristinestad,62.2743,21.376,34.11,94,100,15.66,FI,01/10/2023
Rizhao,35.4275,119.4553,45.68,64,13,8.59,CN,01/10/2023
Isangel,-19.55,169.2667,80.62,68,74,6.6,VU,01/10/2023
Samarai,-10.6167,150.6667,81.79,76,100,4.29,PG,01/10/2023
Taoudenni,22.6783,-3.9836,61.95,14,100,11.88,ML,01/10/2023
Hūn,29.1268,15.9477,50.0,78,8,6.91,LY,01/10/2023
Nola,40.922,14.5329,51.39,82,11,4.72,IT,01/10/2023
Ishigaki,24.3448,124.1572,75.33,60,75,16.11,JP,01/10/2023
Nicoya,10.1483,-85.452,72.99,81,28,6.15,CR,01/10/2023
Southbridge,42.0751,-72.0334,30.04,71,100,5.01,US,01/10/2023
Redlands,34.0556,-117.1825,51.57,90,100,1.01,US,01/10/2023
Kyabé,9.4515,18.9449,68.23,24,93,5.82,TD,01/10/2023
Touros,-5.1989,-35.4608,78.1,75,6,9.86,BR,01/10/2023
Drăgăneşti,45.7833,27.4667,45.63,78,100,15.43,RO,01/10/2023
Iskateley,67.6803,53.1512,4.68,94,100,14.7,RU,01/10/2023
Inhambane,-23.865,35.3833,75.18,83,20,9.22,MZ,01/10/2023
Puerto del Rosario,28.5004,-13.8627,67.75,73,40,11.5,ES,01/10/2023
Vestmanna,62.1564,-7.1664,40.12,81,100,12.66,FO,01/10/2023
Raja,8.4596,25.678,62.28,30,50,4.29,SS,01/10/2023
Fortuna,40.5982,-124.1573,48.54,95,75,11.5,US,01/10/2023
Coahuayana Viejo,18.7333,-103.6833,69.37,84,0,4.12,MX,01/10/2023
Nishihara,26.1842,127.7558,73.06,58,75,18.41,JP,01/10/2023
Coquimbo,-29.9533,-71.3436,64.13,88,0,3.44,CL,01/10/2023
Guhāgar,17.4842,73.1929,78.37,24,5,3.42,IN,01/10/2023
Teknāf,20.8624,92.3058,75.52,46,0,5.08,BD,01/10/2023
Erftstadt,50.8167,6.7667,52.36,86,100,18.99,DE,01/10/2023
Tommot,58.9564,126.2925,5.5,89,100,6.82,RU,01/10/2023
Menongue,-14.6585,17.691,63.36,95,100,4.21,AO,01/10/2023
Port Hardy,50.6996,-127.4199,42.98,93,75,4.61,CA,01/10/2023
Turukhansk,65.8167,87.9833,-38.79,95,100,5.68,RU,01/10/2023
Nemuro,43.3236,145.575,29.03,55,80,14.36,JP,01/10/2023
Lincoln,40.8,-96.667,42.3,71,0,3.44,US,01/10/2023
Cam Ranh,11.9214,109.1591,82.36,69,20,8.05,VN,01/10/2023
Mishan,45.55,131.8833,22.5,82,100,5.59,CN,01/10/2023
Dorogobuzh,54.915,33.2972,14.52,92,100,14.54,RU,01/10/2023
Goygol,40.5869,46.3158,26.11,93,100,6.91,AZ,01/10/2023
Quirinópolis,-18.4483,-50.4517,68.29,93,92,4.43,BR,01/10/2023
Binucayan,8.25,125.7167,80.35,93,86,2.93,PH,01/10/2023
Bisert',56.8617,59.0523,-6.25,96,100,10.54,RU,01/10/2023
Rio Claro,-22.4114,-47.5614,67.77,95,100,3.78,BR,01/10/2023
Linköping,58.4109,15.6216,39.18,91,100,16.11,SE,01/10/2023
